id_usuario,email,password,activo,ultimo_acceso,password_hash
1,sbarrington0@apache.org,sO8<z.v}T$jb5S*K,true,2025-06-05,$2a$10$1bsHW2lxF4OZV3bBAeP1de5VRcu4BYpOUe/.RSWiGrxKSfjKl.4ve
1,sducaen1@japanpost.jp,"oL9""jrm%",false,2025-05-16,$2a$10$DcZ65965z6g1MR4gpkFEp.mUCxnbqSagBkdVewRPeIFK5C6bveZi6
1,kwhartonby2@comcast.net,dI4%u'|Vyxc,true,2025-09-01,$2a$10$IIln1bCiEBxhlEN2J9/kl.QPiYg.jTN8CjvOkp.OFqtdsK08fzHmO
1,fcousin3@ovh.net,"pM2>ifDjXlK0""Hh",false,2025-11-03,$2a$10$EHCafBezZJy1ttiiWclkSO2MqHikvwiEs6Z7rsygKdQwS5PAbiMZ.
1,hclingan4@omniture.com,tC6~nXt9(?kNxOWp,false,2025-09-27,$2a$10$AJae3XuokViBdT1gvIfRUePvQoEATqJ0Gmmz2i5XbwDP10MH1zb9q
1,acolicot5@usgs.gov,kJ3.LwQ0ee,false,2025-09-27,$2a$10$0GdejXtcHB.aJONsfNaNiOGWETRHiN7ypUTsFS7biBqNxwVevxGm.
1,fbreslauer6@wufoo.com,"mB3""M/PY{Fd69!f",true,2025-09-14,$2a$10$InyZXQIWz49Jqt5snwgFYOFpM0Yulflr5W7dsA5TJdpa5JxFR34gu
1,thendrickx7@upenn.edu,qJ7aH6D,true,2025-06-23,$2a$10$pl9n5UH8JEZab.RThSr59OSHyURIbi.xwh9GJuzsnx98U/QzI.WWK
1,hcouroy8@angelfire.com,vT0<F%|fCOp2>o,true,2025-09-02,$2a$10$51WnqtCblJ0BOB6Unh8w6OL4d04/kqQrffJW6JjFuTrC.eVTx1nNW
1,gbrussell9@hatena.ne.jp,"xP3{,Jdcox!F",true,2025-10-28,$2a$10$j2hZM7zChmXSL.GRLBd19.WdBIetQqreN3P.7YS.EaWaVTXbaR5yO
1,cbousteada@usda.gov,pA9(ADLOB~G,true,2025-07-11,$2a$10$4Y76fZaaEVXgUCC2U09Qs.54E7c8yCOBfrg2DDq.pmo/iUNZWYPre
1,lcaleb@w3.org,gE5=~hpn0,false,2025-05-02,$2a$10$3EeVpulMmpQxQjgUQpNEE.4sUBRFwCSwOYoQmuMomwnoMTAD.7cyS
1,ymathisonc@who.int,"dC9?n4C0F3J|""<v)",true,2025-08-08,$2a$10$mqWMDMIEgyUE.HICpiYVyODO/aCRTY7ifSpx7k7Y1NGCvUA5rayO.
1,dlivesleyd@surveymonkey.com,"jU7""6}Q*0FEv6t?L",false,2025-09-03,$2a$10$IjavX9goCO1j29FGCmgdn.2OmSsS/Eki5zDo16NVv1ee7bbV7nHzC
1,ntofaninie@addtoany.com,cI3~Z9BCTqKK<,false,2025-10-17,$2a$10$reCXgB0gEUQAYjUflTzb9ONSeLLomNuDQZc9hLf4nK7DdqFTeq4Ea
1,freyburnf@yahoo.co.jp,"rL4,W+cH",false,2025-06-03,$2a$10$RsORw922t2al6EaP05K0y.ptmiD/RzAgPH8S5LR8E/eLY8atAoH1q
1,bsouleg@vistaprint.com,zE2_I/|1x,true,2025-09-10,$2a$10$lLBFn4vT5h/eo0TxsDw6seYoTSCngixk.Y.oGfKEXjIigSFxysHcu
1,pwendoverh@trellian.com,wW2}>fpEM0k/,true,2025-05-10,$2a$10$ufHtN7rgFKTX0n/eqGkGNeby3ArxvZpa8yrdlZSHkVjuLkztLnmEa
1,cpettyi@uol.com.br,hU2>5!Q>U,false,2025-10-08,$2a$10$eUQeI2a.iFbkgubje/X/we61rcuRXK91WkDS7cIsZE33iIHrIiEq.
1,tasprayj@globo.com,yS3_h|y|S=<,false,2025-06-24,$2a$10$11jBxQJl6kNkZVwRht51oOgSVnrN/fOsLP6WiPBgPajUhgWerI7dW
1,bruslink@adobe.com,lR1)zkMO&d<z67,true,2025-08-12,$2a$10$r3y0OtiM3PGOnJ9K6USWceb94H8Qq3mZt0M.QceYoj0WVjTnHM6Au
1,brobsonl@hatena.ne.jp,qY4$q2(&h,false,2025-05-01,$2a$10$xh68wKpjvSu8d6KIeNgrS.sISDeQBJ8KzmY..Wxz6NP8Fru6YWkCS
1,hforsterm@imdb.com,yM7T{da`za+6I,false,2025-05-26,$2a$10$BXoWgRi.PfhSbvdYbLBXQ.pdHFrVCFCUo50raKiw64.ExXmKhE1.q
1,emostynn@last.fm,zG9.M6Z)4T,false,2025-10-24,$2a$10$VaWJMaaXAAjdmeBfLovNyu3GNTaMy4X0cM4m0WR.6VBcLubnEYZX6
1,mclimaro@tuttocitta.it,hV7%ws`m6e,true,2025-05-09,$2a$10$hI3m6BApqFvn/KMNORoZc.sH.NTQu.zvah1UXzdDGqG2ffO5L/SKS
1,mgullp@myspace.com,"xT2@""dC5BqxO",false,2025-07-19,$2a$10$HVfzn4ubHIkmDsLj4RT68eVk5KwtJ5Ka3RfS/p7Jppd0FyaNPyX0u
1,bbultitudeq@rediff.com,"pM1%xZSq""i",true,2025-09-21,$2a$10$nTwyeQiRetCKjTBSfW0SiOSajwM5tlefEKrCmTYtqpAYEw1yaW8Y.
1,dempsr@t.co,pN8+2UzL=+VuW,true,2025-09-11,$2a$10$K5XujjfpPcAyXYRIRBOiC.lVJjj9jMOf0dQs9h39k.8TynZvoiLzu
1,tcamossos@auda.org.au,"tI9~<""%@({2xA/8",true,2025-09-17,$2a$10$oYqKmJBq4Na0qItzQAKPbuKDAWUuMyrZues3anTtKP5jeJ8A5N.YC
1,ncawthrat@amazonaws.com,"dD4,{h8uu8!)Inil",false,2025-07-16,$2a$10$/XMYYnmFxi.mU.mTQGkUSOREIqPJ2hhd9qlijid/L9Jq5JwioZRkC
1,bgotthardu@rakuten.co.jp,zX3#lU+#?cl$RRma,false,2025-09-19,$2a$10$q37RjK51Mq3iZd512va5NuhitkoFKdIMYQZqhTODdzvQNH1Qc14MW
1,ggatlingv@forbes.com,pC0CwIi~A,false,2025-10-13,$2a$10$vjPb/dXA5hYc0wD85DgXQ.Z5C7.MFkXSJOQJ/b8xIhPZrfLnTU.zC
1,lmynardw@squidoo.com,iK9!tLC5IAl4wD6,false,2025-10-22,$2a$10$ophEd8DLTmb6QcRVFMIpPeuDr.ST2MrHJP6T40ry4ERHkESibrpf2
1,paxonx@purevolume.com,"qM1""YTdXT3O",false,2025-08-23,$2a$10$jgFHgvP73VIYQ6oNMUEiDe.3YgDvAZohvfBXiU4iIiUbjiJRx.FFu
1,qmontforty@blogs.com,eG2>$iG8K`pckx,true,2025-06-26,$2a$10$Iw2HRS/NRncZV.t5m5UxVepSokmB1gEd2UWeIuZTlp.Z3stZVnYZi
1,rcossorz@aol.com,rI4%lI3p'GT,false,2025-09-08,$2a$10$C3Vrw/XlrqEhqVkCWN/nK.TSwy22tXVKUutb4yRybTDi2mAabK1ru
1,lkubin10@mapy.cz,wQ1~h{?JL'p$MrH,true,2025-06-24,$2a$10$8.GUw4ZutxxTAajjBOSovOXHqealyzQhI247YZ2ibCzMNKpw609Aq
1,jdecourcy11@pcworld.com,jA6$vH5f,true,2025-08-13,$2a$10$B/DCTNxU0.Q8QRos84h/lu.jAYgYH66UV0zXc7LJLOJyycAV8ey3.
1,ejouannisson12@parallels.com,kB0*@'4C,false,2025-07-12,$2a$10$O5k0whM/6P1hTDqYSY32/.iFwisPk.IXpal/LHWZME4xiasrwMA/m
1,usteffens13@goo.ne.jp,sC1)2D4Y>,false,2025-08-10,$2a$10$drZZQEmITM903HojRncr/O78T1zuUzUADvaHlPUwH8gpRUTW6qem6
1,ajeary14@jimdo.com,zE1<Qgilne@hxo,false,2025-07-18,$2a$10$XXGfRkUzU2NGb3r11zaImOzx6OYTZyfcSqVmCvQ34tOAtR1x1zC3O
1,ltinline15@edublogs.org,fX6>YXO3T,false,2025-07-25,$2a$10$1wUmAH1G7.gb7VWSCaCQN.V8.8jL23JsRmL5eGRURf53pj7hkXOA2
1,ibeevor16@twitter.com,qX2!75gZmjIan,true,2025-06-07,$2a$10$rcEWA0RRqeHICcj6VJZHKO1UpIYamZFmKOPRwztOdhOrVPZme8UbW
1,vorteu17@chicagotribune.com,"pN8`1+2za},4OuH7",false,2025-09-13,$2a$10$dEBfGcfo8qKE.Ce60Kq0xuFeD/TTQipex8J/zRbf976.Z7q5q0FMu
1,atwohig18@mlb.com,sE4+TJYJx=KRNQy,true,2025-05-15,$2a$10$J5GBGxAdVE2q3Axvt/NstOfqwajb.TUyy/rjSPTBl/TWiCHeCgzsy
1,lstihl19@altervista.org,kG6$@n5|GY,false,2025-08-30,$2a$10$SH2bAwgS9ole.018NGTjZu3Pl4ULo7bN27/wvRJT0eQoxNSgoG6bu
1,brichardeau1a@washington.edu,fB7)!vn2QR,false,2025-10-01,$2a$10$nOzwRBAvUFD4rCd6P.dCcu/ghpub838iB4NSeNu1h6v01iumgQ2dm
1,mmaccheyne1b@vk.com,wU7'n&gz!kg,true,2025-06-06,$2a$10$1np7ND7ou8noExhxMIDeEeO7xL9q7dD8KnlE9J92.W6snjAJ0Eode
1,sstoakes1c@who.int,"vR5,TpLv",false,2025-08-19,$2a$10$MDpHK9I6YPFvPVlIo5/QgOpszp8MA7lTS5aGhn9sO49NyrqjaeR1O
1,agrover1d@soundcloud.com,bK4~Q@2>B'd,true,2025-09-19,$2a$10$fOMvpGO24owR30jHmMdvque6gh3FjcInFG5N/aMy/xS9vhQDf2inu
1,adevote1e@is.gd,"eD9,<#/`l}p(sw+3",false,2025-05-08,$2a$10$sbEKqQXaNNFjqI9i4SpSG.WPyoOMIDwT.KdYcIlKV4hfy6IWxrydS
1,wmcgarvie1f@pbs.org,kO8*k5$rP~(qB,true,2025-07-11,$2a$10$pwqXRfOJiu5T9qpmnJP8fe/fg6.WLuvdDOUm/o4ys10ND5/Ly/AXG
1,msellor1g@ca.gov,aZ3>i>JKh,false,,$2a$10$LDRN0lu0vEJCVHzZYfLZ8OQ43JK.dGu907qrALFFBJE/gDWC9.tzK
1,acowland1h@hhs.gov,"zQ3""i`2dW'",true,2025-10-06,$2a$10$AQrYLX1t72.7UmIqU8HrHu2rt2X2dhtR3aQCXK/HG5YwxylMFAH0i
1,fkingman1i@chron.com,jU9|>>U7}e,false,2025-08-05,$2a$10$wE4O3ep2FiAE1r6xBErfeezqqmX3KLyf.0OAyKzjxoXX6Sx4DYV5.
1,bvakhonin1j@senate.gov,"qX5""r}=DdOI",false,,$2a$10$3bGoWuKx0bgOXQzy7GT0E.bn6FJU8utG8VnYYnxiou1WXKmZbHPoq
1,abrouncker1k@msu.edu,vB7|MMl3hv,true,2025-09-18,$2a$10$XVcQwZlA34L/vYdMHYO.COiMXLOBahlQ09GsHpTBZ4dFqpkFVacK2
1,bravilious1l@trellian.com,rI1kHO|K'V,true,2025-05-22,$2a$10$kcrlW5Q0qU/BmYED6u3GDO/LVMwmOGQ14m6ErJsrZ5qV7KFCaPkTC
1,bslixby1m@freewebs.com,qE4`<(B~>z7tq,false,2025-07-28,$2a$10$oziXYCky.xjD8WFlp8./0Oz4bCDNyn6HXLfrZscXuAqybrGf6RxCa
1,kraincin1n@bizjournals.com,zB2=OmD36wCJ,true,2025-06-13,$2a$10$2rNLmAV7YDZ438q5OzSb3OlFzMvnrXXOGwkad3rBp..QI6HID2.Be
1,cboanas1o@about.me,eW8*r.5V&%0,true,2025-10-31,$2a$10$l.zvpghxL0kYsEp6AcPrcOiIF78I3kqvNpXA84if/ngF9pKB9Y3iq
1,dbrumbye1p@google.it,"hH0,&jJa`w",false,2025-05-23,$2a$10$44eDa0eKug0tHa8qQUTsSuZ7FBI6J31wR5BumraLgJ2IJH4Hwq7Qu
1,dtremayle1q@theglobeandmail.com,mK7+}Qgp1zODl,true,2025-08-03,$2a$10$G8gR3jgUqChTewAckoXDgeMo6XmygatD2jCK6DDtxFfqIH27YJWfS
1,jmash1r@amazonaws.com,fS3.+ZMdRLyTM0c`,false,2025-09-22,$2a$10$6vT8PpwvLT5FYub52MP8WucLMCr3iI6S7ZUADG/9Cbt1m82Nqjj.O
1,hleethem1s@4shared.com,aV9?yio{,false,2025-06-15,$2a$10$QJL5TYuNWKdPTKsqolFI0u3zJkX0OOJe4rwr.oXR7ylbwl0jpHX7G
1,deskrigge1t@hp.com,wU3${I+8,true,2025-08-23,$2a$10$X6othVJIOyGZk8NjB/xMXOjOPv7JSKXmUSFOvQcX.GBN0Gj7fSsUK
1,etellenbrok1u@mapy.cz,pK2~dEYAQyHXoMn,false,2025-05-09,$2a$10$rYy3UuXUQsP8LPvjbInEdeW4EBMR1F4ucqKLaUHhu9x1nERuSMmoq
1,gvictoria1v@google.it,kL3'<80Kx`,true,2025-05-15,$2a$10$5uIlT06HyFcge/yh3MOyYukPg8z1jxsUyjzjZcVE0PMrtbwyse1L.
1,fanthon1w@uiuc.edu,nQ7#_Af8NE|v#,true,2025-09-18,$2a$10$AwyJT5h9oNKknD.rD4vp7u1HNdwMVmO8qg9ZoojV/mGsertnaW9f.
1,otyhurst1x@discovery.com,"pD2=""sKnx4g?f}'",true,2025-08-14,$2a$10$LZcqNCMDsQFaiZBbrDKnj.F8Xifj.dJ5VfnsVjz0kkOZZ1kZo.nQ.
1,rching1y@meetup.com,yW8&N$lYLe`90T{,true,2025-06-26,$2a$10$cG6iNPOWH3k/6YUC.wucrOIEn6JW7adskaNi4ND5TfOCdD.8m9HFy
1,cwragg1z@infoseek.co.jp,wL7|~5RX/cg{@,false,2025-10-09,$2a$10$ZXo1Weeln2UVtMyosoY8YuJ4bWJ2YxxhHxXv5EOatHhjxFIUrT8Vm
1,lpundy20@yelp.com,qA1)4~b&SdA,false,2025-10-20,$2a$10$Ib4/2AHKutmby/a8WxlkB.0.zJj4eDyanDL8PHhDAar9LqWRL00au
1,jsoloway21@abc.net.au,mU9.}dCnbP,true,2025-08-19,$2a$10$Dz25WflM8z5FGo0iT3cpvORoUQPiTwki8/WbJgHFk3gYBVHl8T4/.
1,ehousby22@eventbrite.com,"mO0`1g}}=+p""dzQ",false,2025-05-29,$2a$10$vP2H1aoCV073Y82UwUmrieyLXeociCip.oZv/nzReqyZYpCO61YH.
1,cbranwhite23@topsy.com,kG2'GNiMo*%~<{,false,2025-10-12,$2a$10$JZFRck48CjWf3ZZ8EFzwPut5l6WIGvaDXa1kp.69b6/KtE2Mq7mM6
1,vgomm24@paginegialle.it,cK4.)+#xf<MeM,true,2025-06-16,$2a$10$8HUD7iFsLiWKTyYuIZW1i.evl7ZHfZGzxWVsPXr0RC2Q/c0w5PZ.2
1,cenriquez25@wix.com,hO1?LBC9,true,,$2a$10$al5lR.08yOmQ7txvTOumQuhtcGGWR6QjFi68r5BSmCABpcriiPHUa
1,ccoomber26@senate.gov,oO3~!MAZZnLIp,true,2025-05-12,$2a$10$pCqHJ6qJC/Royogi1tDe.OxmqgJtOMga6Hywkp5eOlH6WOD47.F3e
1,btanswell27@domainmarket.com,"iV0,xpp13L<",false,2025-07-17,$2a$10$BbNgef4NOWaox2hEFPtRouEz27hkxYfSODo4Y3pEjZQPQ1OIkPI/S
1,jstamps28@sciencedirect.com,"hD6@tNUi2)p,G",false,2025-06-11,$2a$10$nKsqSHTfwdMyxLrguaM9fuu5aN92jdicNTAhUiq6oP2ekg8x.StRa
1,ljustice29@wsj.com,hE5`iLnx,true,2025-09-25,$2a$10$foMu4yHO8fWAVgIlZFN5pO5ESTBfHF5bZVwgyFUNr6Oxza.XRm2YO
1,tbestiman2a@stumbleupon.com,sD5_S33RF%T{O,false,2025-10-18,$2a$10$htG0NfOT1RvYW.uuM5a7NObBrRT4Ew9YmDJ5SvJnpn4Jo5Qt8kG0y
1,mhartland2b@uol.com.br,"fB4,JT5N<F",false,2025-05-15,$2a$10$oBFdI/ezkXUG9kkCPFLwR.WqgVabryAqZ.Nz3W..Ctvwb557Ctok2
1,gshuter2c@addtoany.com,"aC7#Z}M@<}587",true,2025-05-20,$2a$10$NpnhPop/u78siOojRUfXIeD6cgzVWd5NZFCKhGuzl9m/UeI7Jj5La
1,bpymar2d@ovh.net,"lW3""kjLC",false,2025-11-02,$2a$10$Vywm86h1bH5xwmS1NVEhqufyB2wYDLc2/Uz5xal5zCIg.QE3870Wm
1,jcamacke2e@wunderground.com,oP5+QD'HR>il_E,true,2025-05-12,$2a$10$eEN1WMOgOk.rHoIH/QCMmOmMUT.4f6YsuX0tq5hqogld2W9fuRQX6
1,vhaldin2f@columbia.edu,jF1`wmo8?',true,2025-06-22,$2a$10$0/s9aZLZAaEyQjnbZWyU1O8QghelEsV6YnUXRrKX/XuKlXjeanMGq
1,fshallow2g@sbwire.com,rX6$ts'ofjv,true,2025-08-02,$2a$10$tJueXi.GIZ.vzFK0bVbY/OwhmuR517UVkzkTnFVE9sxiPlBOLVSji
1,coakeshott2h@yahoo.co.jp,vX7|gdDJ,true,,$2a$10$UazlUIsJ91WVYrzIg1ZKNuVTn7WVjOnTYAkWIcMBZUs6.YTNRuSnC
1,gfisbey2i@addthis.com,xZ0?R!@u1</#2|,true,2025-08-02,$2a$10$aBTMmtYkTurUPIBxoNC0ROnEWAVNwuVQPH7ScYJk0iygQAuZaMnoK
1,nblakey2j@parallels.com,"bL8|wnfF&ZkIm",false,2025-10-24,$2a$10$BMXYJjJmU2CIuSUAS49IyOipk64IIr9E1JTClOZijBj3BiVybdCYW
1,wmcclune2k@canalblog.com,jR9#n2_ydbu3$7,true,2025-07-15,$2a$10$JAyAWz0Fu.dDK2oD0qcCH.8G8URfXAqUSKhF/7OTI0AYdku3D41Ye
1,gdyment2l@jigsy.com,kL0>%uhXj'7p0,true,2025-06-06,$2a$10$DPxdVweG3ezJZrp3h.hzOeedeHyljqynFEpPf1Z94o7FX1I9U9L1G
1,jenrietto2m@theguardian.com,tC6/fC7Y1,false,2025-06-23,$2a$10$Dmn4jAEQkxtMhtatypkM3e4zVVHifR2JV1dGGoWUzakhfax4tfsg6
1,cfrapwell2n@domainmarket.com,hP2F3Y{_1,true,2025-07-24,$2a$10$ruyhI53ibinQxXg7ynS5DO8CZFhVVxG6hOxPqgjR/cP0iWVaBIhYS
1,gfareweather2o@msu.edu,dX0/FAEZyiCY,true,2025-05-10,$2a$10$Xb.uchFsubmTji05HOBENenXa3.5CY2muspmwc.8VlKytB4ZxsyN6
1,bmcnutt2p@wufoo.com,"qJ2$$I""nME$w&@V7",true,2025-08-29,$2a$10$BW7HfDDNPjNSOSaHZtuez.GSD1nFLp4sY4Rf5vpAMz/P/7.2FTWTq
1,mbowsher2q@wufoo.com,dQ3(71qjEN*!>,true,2025-05-25,$2a$10$jMZXYlBG.TjqBetqffH8cecGVT042fGNsig./jcvqNVSR/MpQP7yq
1,cralls2r@spotify.com,"kI1~""onLH%n+s3",true,2025-06-23,$2a$10$qB1TULhsvpOSa/dNVW0A7eFGsEtDGRUn0U9l8bAqs33ynJVdPeyT.
1,bcusiter2s@sphinn.com,xS0/QDOQlYnWjX,true,2025-08-06,$2a$10$nbfU6PQfD1KiBEszI583kOpmj1sUBJWipFps/hmSa8PQWbZ4OF9ae
1,rmaudett2t@prlog.org,jO9'mod8Bf%e,false,2025-05-13,$2a$10$k9p7KAgO/Zw.LLdRY31zg.xWlYPhsSvblftb0nWoSkGye.85TX6LC
1,pvaen2u@blogger.com,iK5@Rhv|z),true,2025-11-02,$2a$10$zNIqQNk0tpgbGIH99L8JnebCMOofQMVF4MHGjqJvZn0JKT9K8BBii
1,ffowley2v@thetimes.co.uk,oT6{Okp7}wv,true,2025-08-19,$2a$10$S7APKaB5NCwdZVT9.N5a1eD/4yF6I5L1XkiMZlQsK4b.TaiA7Zb7m
1,kcoxwell2w@multiply.com,hA0`4j**bS,true,2025-05-23,$2a$10$bYCg8pCi.hvI/rqCQDYIcuPXcUPOPygt/eeyqG0smsoFF/Bet4KNm
1,lfarrand2x@miitbeian.gov.cn,aI6!~v8Zw&.(+&*,false,2025-08-29,$2a$10$fAR0b9cOtgmXq942ihHswubxtJ0KmXUgASYOAI/rpuAVOGTDH8QmK
1,bmelross2y@wikimedia.org,rI9)wA~QIIJ,false,2025-09-07,$2a$10$wL0zEz48uispVSXt.WC/EuRRhngcRw9Mmg8uXN2lAhz8uHYKb7XEe
1,mgummow2z@examiner.com,rW4{_mK'a,true,2025-09-17,$2a$10$9mZdrrY56X9559ghqOqfXeJPxRgi6S6rJu4pxj.zPmwraB7wnhBp2
1,asinnocke30@ehow.com,wD0_`SQh}Bru.){,true,2025-09-24,$2a$10$owhgS/XyS5ATbKNslnE/.uJKSc6HRFjiLzSajsjh6tQRRLp9sZJT6
1,jmillar31@china.com.cn,cB0jm9<e,false,2025-10-04,$2a$10$kLSao/5xIMYk1vC3bZSe4OuOOdBZFKAuMFhA3Z6zm5cqTsDFovpEi
1,fskule32@youtube.com,nE6~iD#2OVX,false,2025-05-28,$2a$10$QSq8nIHYTZzkvod69XFvz.Py2dj8nL9uA/WfuYVIUw3CTh0mLZk2G
1,jfoley33@elpais.com,zJ9(H>GB4zH0i,false,2025-08-10,$2a$10$cZxwC7N0KsOlFiu8EBnxieo89bliE1erPFUq42ocEO6t0i3J/Y4yK
1,rcopo34@imdb.com,vS3!VDX?NVg,false,2025-05-02,$2a$10$43fEt58j8HWkh0PTdFsmkOE2ynXITYm.h6zLb4IaEm0Qwi9.oSvMC
1,cwitchell35@slate.com,bB8/GtUtYS`,false,2025-05-12,$2a$10$Bh4okl8lI6mKVaaypWpgbuDUHFaSs.AgHyZczNF1UzI1N0SxGNScK
1,dcicconettii36@bloomberg.com,oP2>83iMx>C/49v,true,2025-06-30,$2a$10$I9ipAFIeMYEZWF.snQk1XOx0LeLbGeb4J4p0PTttoxCObWpBj2dYi
1,hreuven37@irs.gov,lN5?WZ#r2w*,true,2025-08-05,$2a$10$zxVVigOC2HWphXGQ5bxKruqUwlpGgXTw/087MWUvGHJEQ1ZDFAUla
1,ploffill38@chron.com,wO8/}O!_,false,2025-06-13,$2a$10$P9Qzwk3rnaqAyTBqBavq/.K60SF/x2d/yP9fHvKqtRelXWo2J0hXC
1,dpescud39@smh.com.au,yX5.O<tfjF(f'E'+,true,2025-11-03,$2a$10$toWekccCePKa/Vfi.bw/yustzCX1KYGlmTlb7WXOymlN3/uHvZvt.
1,jkemmons3a@msu.edu,bM7'9hsN_,true,2025-05-26,$2a$10$AJ0UnRKasM/3MNFeUKyLyeIT9BodbU9L7/jVABiTOLCDiKqcq3xsm
1,bratnage3b@intel.com,lK7(Svf@,false,2025-05-02,$2a$10$0yaXJoa4xxH/oghFS7hI..VwcauG0enHyHm2NKZ//jJur02t8gezK
